model_type,class_k,auc,best_thr_f1,best_f1,best_p_f1,best_r_f1,best_thr_f2,best_f2,best_p_f2,best_r_f2,n_train,n_test
RF,3,0.6846454960276098,0.18,0.3224334600760456,0.20287081339712917,0.7851851851851852,0.13,0.5113636363636364,0.18208092485549132,0.9333333333333333,15104,1869
HGB,3,0.6840872767702036,0.19,0.3431472081218274,0.23636363636363636,0.6259259259259259,0.10999999999999999,0.5079365079365079,0.1991111111111111,0.8296296296296296,15104,1869
RF,5,0.6972737590623771,0.25999999999999995,0.3358070500927644,0.22400990099009901,0.6703703703703704,0.19,0.5287009063444109,0.19805982215036377,0.9074074074074074,15104,1869
HGB,5,0.697153313413476,0.31999999999999995,0.34620505992010653,0.2702702702702703,0.48148148148148145,0.12,0.5137575236457438,0.19181380417335472,0.8851851851851852,15104,1869
RF,8,0.7000208463623098,0.31999999999999995,0.3444976076555024,0.23225806451612904,0.6666666666666666,0.24999999999999994,0.5246494798733605,0.20512820512820512,0.8592592592592593,15104,1869
HGB,8,0.6976489935839529,0.4699999999999999,0.35988200589970504,0.29901960784313725,0.45185185185185184,0.15999999999999998,0.5084033613445378,0.18615384615384614,0.8962962962962963,15104,1869
